,gradient,intercept,maximumSaturation,maximumExposure
0,35623.373270150165,-218.33453553815707,0.9820699691772461,1.5
